Epitope,Epitope,Epitope,Epitope,Epitope,Epitope,Epitope,Epitope,Epitope,Epitope,Epitope,Epitope,Epitope,Epitope,Epitope,Epitope,Epitope,Related Object,Related Object,Related Object,Related Object,Related Object,Related Object,Related Object,Related Object,Related Object,Related Object,Related Object
Epitope ID,Object Type,Description,Epitope Modified Residue(s),Epitope Modification(s),Starting Position,Ending Position,Non-peptidic epitope Accession,Epitope Synonyms,Antigen Name,Antigen Accession,Parent Protein,Parent Protein Accession,Organism Name,Parent Organism,Parent Organism ID,Epitope Comments,Epitope Relationship,Object Type,Description,Starting Position,Ending Position,Non-peptidic object Accession,Synonyms,Antigen Name,Parent Protein,Organism Name,Parent Organism
1552,Linear peptide,AGHSLGRCDIKDLPK,,,151,165,,,Membrane protein,P59596.1,sp|P59596|VME1_CVHSA Membrane protein OS=Human SARS coronavirus OX=694009 GN=M PE=1 SV=1,P59596,Severe acute respiratory syndrome-related coronavirus,Severe acute respiratory syndrome-related coronavirus,694009,,,,,,,,,,,,
3054,Linear peptide,AMACIVGLMWLSYFVASF,,,82,99,,,Membrane protein,P59596.1,sp|P59596|VME1_CVHSA Membrane protein OS=Human SARS coronavirus OX=694009 GN=M PE=1 SV=1,P59596,Severe acute respiratory syndrome-related coronavirus,Severe acute respiratory syndrome-related coronavirus,694009,E1 glycoprotein is also referred to as matrix glycoprotein or membrane glycoprotein. The sequence of the epitope was derived from the genomic sequence of the M protein of SARS described in Marra M. et al. Science 2003.,,,,,,,,,,,
4008,Linear peptide,AQMGTLLIA,,,,,,,Membrane protein,SRC280069,sp|P59596|VME1_CVHSA Membrane protein OS=Human SARS coronavirus OX=694009 GN=M PE=1 SV=1,P59596,Severe acute respiratory syndrome-related coronavirus,Severe acute respiratory syndrome-related coronavirus,694009,,,,,,,,,,,,
4272,Linear peptide,ARTRSMWSFNPETNILLNVPLR,,,103,124,,,Membrane protein,P59596.1,sp|P59596|VME1_CVHSA Membrane protein OS=Human SARS coronavirus OX=694009 GN=M PE=1 SV=1,P59596,Severe acute respiratory syndrome-related coronavirus,Severe acute respiratory syndrome-related coronavirus,694009,,,,,,,,,,,,
4406,Linear peptide,ASFRLFARTRSMWSF,,,97,111,,,Membrane protein,P59596.1,sp|P59596|VME1_CVHSA Membrane protein OS=Human SARS coronavirus OX=694009 GN=M PE=1 SV=1,P59596,Severe acute respiratory syndrome-related coronavirus,Severe acute respiratory syndrome-related coronavirus,694009,E1 glycoprotein is also referred to as matrix glycoprotein or membrane glycoprotein. The sequence of the epitope was derived from the genomic sequence of the M protein of SARS described in Marra M. et al. Science 2003.,,,,,,,,,,,
5149,Linear peptide,ATSRTLSYY,,,170,178,,,Membrane protein,Q3I5J2.1,sp|P59596|VME1_CVHSA Membrane protein OS=Human SARS coronavirus OX=694009 GN=M PE=1 SV=1,P59596,SARS coronavirus Tor2,Severe acute respiratory syndrome-related coronavirus,694009,,,,,,,,,,,,
5150,Linear peptide,ATSRTLSYYK,,,170,179,,,Membrane protein,Q3I5J2.1,sp|P59596|VME1_CVHSA Membrane protein OS=Human SARS coronavirus OX=694009 GN=M PE=1 SV=1,P59596,SARS coronavirus Tor2,Severe acute respiratory syndrome-related coronavirus,694009,,,,,,,,,,,,
5375,Linear peptide,AVIIRGHLR,,,141,149,,,Membrane protein,Q3I5J2.1,sp|P59596|VME1_CVHSA Membrane protein OS=Human SARS coronavirus OX=694009 GN=M PE=1 SV=1,P59596,SARS coronavirus Tor2,Severe acute respiratory syndrome-related coronavirus,694009,,,,,,,,,,,,
5376,Linear peptide,AVIIRGHLRMAGHSL,,,141,155,,,Membrane protein,P59596.1,sp|P59596|VME1_CVHSA Membrane protein OS=Human SARS coronavirus OX=694009 GN=M PE=1 SV=1,P59596,Severe acute respiratory syndrome-related coronavirus,Severe acute respiratory syndrome-related coronavirus,694009,,,,,,,,,,,,
5666,Linear peptide,AWIMLLQFAYSNRNR,,,29,43,,,Membrane protein,Q3I5J2.1,sp|P59596|VME1_CVHSA Membrane protein OS=Human SARS coronavirus OX=694009 GN=M PE=1 SV=1,P59596,SARS coronavirus Tor2,Severe acute respiratory syndrome-related coronavirus,694009,,,,,,,,,,,,
5667,Linear peptide,AWIMLLQFAYSNRNRFLY,,,29,46,,,Membrane protein,P59596.1,sp|P59596|VME1_CVHSA Membrane protein OS=Human SARS coronavirus OX=694009 GN=M PE=1 SV=1,P59596,Severe acute respiratory syndrome-related coronavirus,Severe acute respiratory syndrome-related coronavirus,694009,E1 glycoprotein is also referred to as matrix glycoprotein or membrane glycoprotein. The sequence of the epitope was derived from the genomic sequence of the M protein of SARS described in Marra M. et al. Science 2003.,,,,,,,,,,,
5928,Linear peptide,AYSNRNRFL,,,37,45,,,Membrane protein,Q3I5J2.1,sp|P59596|VME1_CVHSA Membrane protein OS=Human SARS coronavirus OX=694009 GN=M PE=1 SV=1,P59596,SARS coronavirus Tor2,Severe acute respiratory syndrome-related coronavirus,694009,,,,,,,,,,,,
5929,Linear peptide,AYSNRNRFLYIIKLVFLW,,,37,54,,,Membrane protein,P59596.1,sp|P59596|VME1_CVHSA Membrane protein OS=Human SARS coronavirus OX=694009 GN=M PE=1 SV=1,P59596,Severe acute respiratory syndrome-related coronavirus,Severe acute respiratory syndrome-related coronavirus,694009,E1 glycoprotein is also referred to as matrix glycoprotein or membrane glycoprotein. The sequence of the epitope was derived from the genomic sequence of the M protein of SARS described in Marra M. et al. Science 2003.,,,,,,,,,,,
10128,Linear peptide,DSGFAAYNRYRIGNYKLNTDHAG,,,189,211,,,Membrane protein,P59596.1,sp|P59596|VME1_CVHSA Membrane protein OS=Human SARS coronavirus OX=694009 GN=M PE=1 SV=1,P59596,Severe acute respiratory syndrome-related coronavirus,Severe acute respiratory syndrome-related coronavirus,694009,,,,,,,,,,,,
13308,Linear peptide,ELVIGAVIIRGHLRM,,,136,150,,,Membrane protein,Q3I5J2.1,sp|P59596|VME1_CVHSA Membrane protein OS=Human SARS coronavirus OX=694009 GN=M PE=1 SV=1,P59596,SARS coronavirus Tor2,Severe acute respiratory syndrome-related coronavirus,694009,,,,,,,,,,,,
13949,Linear peptide,EQWNLVIGFLFLAWIMLLQFAYSNR,,,17,41,,,Membrane protein,P59596.1,sp|P59596|VME1_CVHSA Membrane protein OS=Human SARS coronavirus OX=694009 GN=M PE=1 SV=1,P59596,Severe acute respiratory syndrome-related coronavirus,Severe acute respiratory syndrome-related coronavirus,694009,,,,,,,,,,,,
14142,Linear peptide,ESELVIGAVIIRGHL,,,134,148,,,Membrane protein,Q3I5J2.1,sp|P59596|VME1_CVHSA Membrane protein OS=Human SARS coronavirus OX=694009 GN=M PE=1 SV=1,P59596,SARS coronavirus Tor2,Severe acute respiratory syndrome-related coronavirus,694009,,,,,,,,,,,,
15273,Linear peptide,FARTRSMWSFNPETNILL,,,102,119,,,Membrane protein,P59596.1,sp|P59596|VME1_CVHSA Membrane protein OS=Human SARS coronavirus OX=694009 GN=M PE=1 SV=1,P59596,Severe acute respiratory syndrome-related coronavirus,Severe acute respiratory syndrome-related coronavirus,694009,E1 glycoprotein is also referred to as matrix glycoprotein or membrane glycoprotein. The sequence of the epitope was derived from the genomic sequence of the M protein of SARS described in Marra M. et al. Science 2003.,,,,,,,,,,,
16593,Linear peptide,FLFLAWIML,,,25,33,,,Membrane protein,P59596.1,sp|P59596|VME1_CVHSA Membrane protein OS=Human SARS coronavirus OX=694009 GN=M PE=1 SV=1,P59596,SARS coronavirus Tor2,Severe acute respiratory syndrome-related coronavirus,694009,,,,,,,,,,,,
16594,Linear peptide,FLFLAWIMLL,,,25,34,,,Membrane protein,P59596.1,sp|P59596|VME1_CVHSA Membrane protein OS=Human SARS coronavirus OX=694009 GN=M PE=1 SV=1,P59596,SARS coronavirus Tor2,Severe acute respiratory syndrome-related coronavirus,694009,,,,,,,,,,,,
16595,Linear peptide,FLFLAWIMLLQFAYS,,,25,39,,,Membrane protein,P59596.1,sp|P59596|VME1_CVHSA Membrane protein OS=Human SARS coronavirus OX=694009 GN=M PE=1 SV=1,P59596,SARS coronavirus Tor2,Severe acute respiratory syndrome-related coronavirus,694009,,,,,,,,,,,,
16972,Linear peptide,FLWLLWPVT,,,52,60,,,Membrane protein,Q3I5J2.1,sp|P59596|VME1_CVHSA Membrane protein OS=Human SARS coronavirus OX=694009 GN=M PE=1 SV=1,P59596,SARS coronavirus Tor2,Severe acute respiratory syndrome-related coronavirus,694009,,,,,,,,,,,,
16973,Linear peptide,FLWLLWPVTL,,,52,61,,,Membrane protein,Q3I5J2.1,sp|P59596|VME1_CVHSA Membrane protein OS=Human SARS coronavirus OX=694009 GN=M PE=1 SV=1,P59596,SARS coronavirus Tor2,Severe acute respiratory syndrome-related coronavirus,694009,,,,,,,,,,,,
16974,Linear peptide,FLWLLWPVTLACFVL,,,52,66,,,Membrane protein,Q3I5J2.1,sp|P59596|VME1_CVHSA Membrane protein OS=Human SARS coronavirus OX=694009 GN=M PE=1 SV=1,P59596,SARS coronavirus Tor2,Severe acute respiratory syndrome-related coronavirus,694009,,,,,,,,,,,,
16998,Linear peptide,FLYIIKLVFL,,,44,53,,,Membrane protein,Q3I5J2.1,sp|P59596|VME1_CVHSA Membrane protein OS=Human SARS coronavirus OX=694009 GN=M PE=1 SV=1,P59596,SARS coronavirus Tor2,Severe acute respiratory syndrome-related coronavirus,694009,,,,,,,,,,,,
18122,Linear peptide,FVASFRLFA,,,95,103,,,Membrane protein,Q3I5J2.1,sp|P59596|VME1_CVHSA Membrane protein OS=Human SARS coronavirus OX=694009 GN=M PE=1 SV=1,P59596,SARS coronavirus Tor2,Severe acute respiratory syndrome-related coronavirus,694009,,,,,,,,,,,,
18123,Linear peptide,FVASFRLFAR,,,95,104,,,Membrane protein,Q3I5J2.1,sp|P59596|VME1_CVHSA Membrane protein OS=Human SARS coronavirus OX=694009 GN=M PE=1 SV=1,P59596,SARS coronavirus Tor2,Severe acute respiratory syndrome-related coronavirus,694009,,,,,,,,,,,,
18219,Linear peptide,FVLAAVYRI,,,64,72,,,Membrane protein,Q3I5J2.1,sp|P59596|VME1_CVHSA Membrane protein OS=Human SARS coronavirus OX=694009 GN=M PE=1 SV=1,P59596,SARS coronavirus Tor2,Severe acute respiratory syndrome-related coronavirus,694009,,,,,,,,,,,,
18775,Linear peptide,GASQRVGTDSGFAAY,,,181,195,,,Membrane protein,P59596.1,sp|P59596|VME1_CVHSA Membrane protein OS=Human SARS coronavirus OX=694009 GN=M PE=1 SV=1,P59596,Severe acute respiratory syndrome-related coronavirus,Severe acute respiratory syndrome-related coronavirus,694009,,,,,,,,,,,,
18813,Linear peptide,GAVIIRGHLRMAGHP,,,140,154,,,M protein,AAP13444.1,sp|P59596|VME1_CVHSA Membrane protein OS=Human SARS coronavirus OX=694009 GN=M PE=1 SV=1,P59596,SARS coronavirus Tor2,Severe acute respiratory syndrome-related coronavirus,694009,,,,,,,,,,,,
18814,Linear peptide,GAVIIRGHLRMAGHSLGR,,,140,157,,,Membrane protein,P59596.1,sp|P59596|VME1_CVHSA Membrane protein OS=Human SARS coronavirus OX=694009 GN=M PE=1 SV=1,P59596,Severe acute respiratory syndrome-related coronavirus,Severe acute respiratory syndrome-related coronavirus,694009,E1 glycoprotein is also referred to as matrix glycoprotein or membrane glycoprotein. The sequence of the epitope was derived from the genomic sequence of the M protein of SARS described in Marra M. et al. Science 2003.,,,,,,,,,,,
19488,Linear peptide,GFAAYNRYR,,,191,199,,,Membrane protein,Q3I5J2.1,sp|P59596|VME1_CVHSA Membrane protein OS=Human SARS coronavirus OX=694009 GN=M PE=1 SV=1,P59596,SARS coronavirus Tor2,Severe acute respiratory syndrome-related coronavirus,694009,,,,,,,,,,,,
19489,Linear peptide,GFAAYNRYRIGNYKL,,,191,205,,,Membrane protein,P59596.1,sp|P59596|VME1_CVHSA Membrane protein OS=Human SARS coronavirus OX=694009 GN=M PE=1 SV=1,P59596,Severe acute respiratory syndrome-related coronavirus,Severe acute respiratory syndrome-related coronavirus,694009,E1 glycoprotein is also referred to as matrix glycoprotein or membrane glycoprotein. The sequence of the epitope was derived from the genomic sequence of the M protein of SARS described in Marra M. et al. Science 2003.,,,,,,,,,,,
19568,Linear peptide,GFLFLAWIMLLQFAY,,,24,38,,,Membrane protein,P59596.1,sp|P59596|VME1_CVHSA Membrane protein OS=Human SARS coronavirus OX=694009 GN=M PE=1 SV=1,P59596,SARS coronavirus Tor2,Severe acute respiratory syndrome-related coronavirus,694009,,,,,,,,,,,,
20214,Linear peptide,GIAIAMACIVGLMWL,,,78,92,,,Membrane protein,Q3I5J2.1,sp|P59596|VME1_CVHSA Membrane protein OS=Human SARS coronavirus OX=694009 GN=M PE=1 SV=1,P59596,SARS coronavirus Tor2,Severe acute respiratory syndrome-related coronavirus,694009,,,,,,,,,,,,
21041,Linear peptide,GLMWLSYFV,,,88,96,,,Membrane protein,Q3I5J2.1,sp|P59596|VME1_CVHSA Membrane protein OS=Human SARS coronavirus OX=694009 GN=M PE=1 SV=1,P59596,SARS coronavirus Tor2,Severe acute respiratory syndrome-related coronavirus,694009,,,,,,,,,,,,
21042,Linear peptide,GLMWLSYFVA,,,88,97,,,Membrane protein,Q3I5J2.1,sp|P59596|VME1_CVHSA Membrane protein OS=Human SARS coronavirus OX=694009 GN=M PE=1 SV=1,P59596,SARS coronavirus Tor2,Severe acute respiratory syndrome-related coronavirus,694009,,,,,,,,,,,,
21550,Linear peptide,GNYKLNTD,,,201,208,,,Membrane protein,P59596.1,sp|P59596|VME1_CVHSA Membrane protein OS=Human SARS coronavirus OX=694009 GN=M PE=1 SV=1,P59596,Severe acute respiratory syndrome-related coronavirus,Severe acute respiratory syndrome-related coronavirus,694009,E1 glycoprotein is also referred to as matrix glycoprotein or membrane glycoprotein. The sequence of the epitope was derived from the genomic sequence of the M protein of SARS described in Marra M. et al. Science 2003.,,,,,,,,,,,
21551,Linear peptide,GNYKLNTDHAGSNDNIALLVQ,,,201,221,,,Membrane protein,P59596.1,sp|P59596|VME1_CVHSA Membrane protein OS=Human SARS coronavirus OX=694009 GN=M PE=1 SV=1,P59596,Severe acute respiratory syndrome-related coronavirus,Severe acute respiratory syndrome-related coronavirus,694009,E1 glycoprotein is also referred to as matrix glycoprotein or membrane glycoprotein. The sequence of the epitope was derived from the genomic sequence of the M protein of SARS described in Marra M. et al. Science 2003.,,,,,,,,,,,
21996,Linear peptide,GRCDIKDLPKEITVATSR,,,156,173,,,Membrane protein,P59596.1,sp|P59596|VME1_CVHSA Membrane protein OS=Human SARS coronavirus OX=694009 GN=M PE=1 SV=1,P59596,Severe acute respiratory syndrome-related coronavirus,Severe acute respiratory syndrome-related coronavirus,694009,E1 glycoprotein is also referred to as matrix glycoprotein or membrane glycoprotein. The sequence of the epitope was derived from the genomic sequence of the M protein of SARS described in Marra M. et al. Science 2003.,,,,,,,,,,,
22631,Linear peptide,GTDSGFAAY,,,187,195,,,Membrane protein,Q3I5J2.1,sp|P59596|VME1_CVHSA Membrane protein OS=Human SARS coronavirus OX=694009 GN=M PE=1 SV=1,P59596,SARS coronavirus Tor2,Severe acute respiratory syndrome-related coronavirus,694009,,,,,,,,,,,,
24293,Linear peptide,HLRMAGHPLGRCDIK,,,147,161,,,M protein,AAP13444.1,sp|P59596|VME1_CVHSA Membrane protein OS=Human SARS coronavirus OX=694009 GN=M PE=1 SV=1,P59596,SARS coronavirus Tor2,Severe acute respiratory syndrome-related coronavirus,694009,,,,,,,,,,,,
26224,Linear peptide,IGFLFLAWIMLLQFA,,,23,37,,,Membrane protein,P59596.1,sp|P59596|VME1_CVHSA Membrane protein OS=Human SARS coronavirus OX=694009 GN=M PE=1 SV=1,P59596,SARS coronavirus Tor2,Severe acute respiratory syndrome-related coronavirus,694009,,,,,,,,,,,,
26759,Linear peptide,IKDLPKEITVATSRT,,,160,174,,,Membrane protein,Q3I5J2.1,sp|P59596|VME1_CVHSA Membrane protein OS=Human SARS coronavirus OX=694009 GN=M PE=1 SV=1,P59596,SARS coronavirus Tor2,Severe acute respiratory syndrome-related coronavirus,694009,,,,,,,,,,,,
26846,Linear peptide,IKLVFLWLLWPVTLA,,,48,62,,,Membrane protein,Q3I5J2.1,sp|P59596|VME1_CVHSA Membrane protein OS=Human SARS coronavirus OX=694009 GN=M PE=1 SV=1,P59596,SARS coronavirus Tor2,Severe acute respiratory syndrome-related coronavirus,694009,,,,,,,,,,,,
27518,Linear peptide,IMLLQFAYSNRNRFL,,,31,45,,,Membrane protein,Q3I5J2.1,sp|P59596|VME1_CVHSA Membrane protein OS=Human SARS coronavirus OX=694009 GN=M PE=1 SV=1,P59596,SARS coronavirus Tor2,Severe acute respiratory syndrome-related coronavirus,694009,,,,,,,,,,,,
27769,Linear peptide,INWVTGGIAIAMACI,,,72,86,,,Membrane protein,Q3I5J2.1,sp|P59596|VME1_CVHSA Membrane protein OS=Human SARS coronavirus OX=694009 GN=M PE=1 SV=1,P59596,SARS coronavirus Tor2,Severe acute respiratory syndrome-related coronavirus,694009,,,,,,,,,,,,
29127,Linear peptide,ITVATSRT,,,167,174,,,Membrane protein,P59596.1,sp|P59596|VME1_CVHSA Membrane protein OS=Human SARS coronavirus OX=694009 GN=M PE=1 SV=1,P59596,Severe acute respiratory syndrome-related coronavirus,Severe acute respiratory syndrome-related coronavirus,694009,"This sequence is an author-deduced epitope, representing the overlapping region of two adjacent 10-mer peptides.",,,,,,,,,,,
29128,Linear peptide,ITVEELKQ,,,7,14,,,Membrane protein,P59596.1,sp|P59596|VME1_CVHSA Membrane protein OS=Human SARS coronavirus OX=694009 GN=M PE=1 SV=1,P59596,Severe acute respiratory syndrome-related coronavirus,Severe acute respiratory syndrome-related coronavirus,694009,"This sequence is an author-deduced epitope, representing the overlapping region of two adjacent 10-mer peptides.",,,,,,,,,,,
29129,Linear peptide,ITVEELKQLLEQWNLVI,,,7,23,,,Membrane protein,P59596.1,sp|P59596|VME1_CVHSA Membrane protein OS=Human SARS coronavirus OX=694009 GN=M PE=1 SV=1,P59596,Severe acute respiratory syndrome-related coronavirus,Severe acute respiratory syndrome-related coronavirus,694009,E1 glycoprotein is also referred to as matrix glycoprotein or membrane glycoprotein.The sequence of the epitope was derived from the genomic sequence of the M protein of SARS described in Marra M. et al. Science 2003.,,,,,,,,,,,
30203,Linear peptide,KDLPKEITVATSRTLSYYKLGASQR,,,161,185,,,Membrane protein,P59596.1,sp|P59596|VME1_CVHSA Membrane protein OS=Human SARS coronavirus OX=694009 GN=M PE=1 SV=1,P59596,Severe acute respiratory syndrome-related coronavirus,Severe acute respiratory syndrome-related coronavirus,694009,,,,,,,,,,,,
32059,Linear peptide,KLNTDHAGSNDNIALLVQ,,,204,221,,,Membrane protein,P59596.1,sp|P59596|VME1_CVHSA Membrane protein OS=Human SARS coronavirus OX=694009 GN=M PE=1 SV=1,P59596,Severe acute respiratory syndrome-related coronavirus,Severe acute respiratory syndrome-related coronavirus,694009,,,,,,,,,,,,
34698,Linear peptide,LAAVYRINWVTGGIAIAM,,,66,83,,,Membrane protein,P59596.1,sp|P59596|VME1_CVHSA Membrane protein OS=Human SARS coronavirus OX=694009 GN=M PE=1 SV=1,P59596,Severe acute respiratory syndrome-related coronavirus,Severe acute respiratory syndrome-related coronavirus,694009,E1 glycoprotein is also referred to as matrix glycoprotein or membrane glycoprotein. The sequence of the epitope was derived from the genomic sequence of the M protein of SARS described in Marra M. et al. Science 2003.,,,,,,,,,,,
34702,Linear peptide,LACFVLAAVYRINWV,,,61,75,,,Membrane protein,Q3I5J2.1,sp|P59596|VME1_CVHSA Membrane protein OS=Human SARS coronavirus OX=694009 GN=M PE=1 SV=1,P59596,SARS coronavirus Tor2,Severe acute respiratory syndrome-related coronavirus,694009,,,,,,,,,,,,
34877,Linear peptide,LAMSTTISV,,,,,,,Membrane protein,SRC280069,sp|P59596|VME1_CVHSA Membrane protein OS=Human SARS coronavirus OX=694009 GN=M PE=1 SV=1,P59596,Severe acute respiratory syndrome-related coronavirus,Severe acute respiratory syndrome-related coronavirus,694009,,,,,,,,,,,,
35671,Linear peptide,LEQWNLVIGF,,,16,25,,,Membrane protein,Q3I5J2.1,sp|P59596|VME1_CVHSA Membrane protein OS=Human SARS coronavirus OX=694009 GN=M PE=1 SV=1,P59596,SARS coronavirus Tor2,Severe acute respiratory syndrome-related coronavirus,694009,,,,,,,,,,,,
35672,Linear peptide,LEQWNLVIGFLFL,,,16,28,,,Membrane protein,P59596.1,sp|P59596|VME1_CVHSA Membrane protein OS=Human SARS coronavirus OX=694009 GN=M PE=1 SV=1,P59596,Severe acute respiratory syndrome-related coronavirus,Severe acute respiratory syndrome-related coronavirus,694009,,,,,,,,,,,,
35797,Linear peptide,LFARTRSMW,,,101,109,,,Membrane protein,Q3I5J2.1,sp|P59596|VME1_CVHSA Membrane protein OS=Human SARS coronavirus OX=694009 GN=M PE=1 SV=1,P59596,SARS coronavirus Tor2,Severe acute respiratory syndrome-related coronavirus,694009,,,,,,,,,,,,
35798,Linear peptide,LFARTRSMWSFNPET,,,101,115,,,Membrane protein,P59596.1,sp|P59596|VME1_CVHSA Membrane protein OS=Human SARS coronavirus OX=694009 GN=M PE=1 SV=1,P59596,Severe acute respiratory syndrome-related coronavirus,Severe acute respiratory syndrome-related coronavirus,694009,,,,,,,,,,,,
37994,Linear peptide,LMANLAPHLL,,,,,,,Membrane protein,SRC280069,sp|P59596|VME1_CVHSA Membrane protein OS=Human SARS coronavirus OX=694009 GN=M PE=1 SV=1,P59596,Severe acute respiratory syndrome-related coronavirus,Severe acute respiratory syndrome-related coronavirus,694009,,,,,,,,,,,,
38014,Linear peptide,LMESELVIGAVIIRGHLR,,,132,149,,,Membrane protein,P59596.1,sp|P59596|VME1_CVHSA Membrane protein OS=Human SARS coronavirus OX=694009 GN=M PE=1 SV=1,P59596,Severe acute respiratory syndrome-related coronavirus,Severe acute respiratory syndrome-related coronavirus,694009,E1 glycoprotein is also referred to as matrix glycoprotein or membrane glycoprotein. The sequence of the epitope was derived from the genomic sequence of the M protein of SARS described in Marra M. et al. Science 2003.,,,,,,,,,,,
38015,Linear peptide,LMESELVIGAVIIRGHLRMAGHPLGRCDIK,,,132,161,,,M protein,AAP13444.1,sp|P59596|VME1_CVHSA Membrane protein OS=Human SARS coronavirus OX=694009 GN=M PE=1 SV=1,P59596,Severe acute respiratory syndrome-related coronavirus,Severe acute respiratory syndrome-related coronavirus,694009,E1 glycoprotein is also referred to as matrix glycoprotein or membrane glycoprotein.The sequence of the epitope was derived from the genomic sequence of the M protein of SARS described in Rota P.. et al. Science 2003.,,,,,,,,,,,
38156,Linear peptide,LMWLSYFVA,,,89,97,,,Membrane protein,Q3I5J2.1,sp|P59596|VME1_CVHSA Membrane protein OS=Human SARS coronavirus OX=694009 GN=M PE=1 SV=1,P59596,SARS coronavirus Tor2,Severe acute respiratory syndrome-related coronavirus,694009,,,,,,,,,,,,
38364,Linear peptide,LNVPLRGTIVTRPLM,,,119,133,,,Membrane protein,P59596.1,sp|P59596|VME1_CVHSA Membrane protein OS=Human SARS coronavirus OX=694009 GN=M PE=1 SV=1,P59596,Severe acute respiratory syndrome-related coronavirus,Severe acute respiratory syndrome-related coronavirus,694009,E1 glycoprotein is also referred to as matrix glycoprotein or membrane glycoprotein. The sequence of the epitope was derived from the genomic sequence of the M protein of SARS described in Marra M. et al. Science 2003.,,,,,,,,,,,
38365,Linear peptide,LNVPLRGTIVTRPLMESELVIG,,,119,140,,,Membrane protein,P59596.1,sp|P59596|VME1_CVHSA Membrane protein OS=Human SARS coronavirus OX=694009 GN=M PE=1 SV=1,P59596,Severe acute respiratory syndrome-related coronavirus,Severe acute respiratory syndrome-related coronavirus,694009,,,,,,,,,,,,
38834,Linear peptide,LQFAYSNRNR,,,34,43,,,Membrane protein,Q3I5J2.1,sp|P59596|VME1_CVHSA Membrane protein OS=Human SARS coronavirus OX=694009 GN=M PE=1 SV=1,P59596,SARS coronavirus Tor2,Severe acute respiratory syndrome-related coronavirus,694009,,,,,,,,,,,,
39141,Linear peptide,LRMAGHSLGRCDIKDLPK,,,148,165,,,Membrane protein,P59596.1,sp|P59596|VME1_CVHSA Membrane protein OS=Human SARS coronavirus OX=694009 GN=M PE=1 SV=1,P59596,Severe acute respiratory syndrome-related coronavirus,Severe acute respiratory syndrome-related coronavirus,694009,E1 glycoprotein is also referred to as matrix glycoprotein or membrane glycoprotein. The sequence of the epitope was derived from the genomic sequence of the M protein of SARS described in Marra M. et al. Science 2003.,,,,,,,,,,,
39775,Linear peptide,LSYYKLGASQRVGTD,,,175,189,,,Membrane protein,Q3I5J2.1,sp|P59596|VME1_CVHSA Membrane protein OS=Human SARS coronavirus OX=694009 GN=M PE=1 SV=1,P59596,SARS coronavirus Tor2,Severe acute respiratory syndrome-related coronavirus,694009,,,,,,,,,,,,
40343,Linear peptide,LVFLWLLWPV,,,50,59,,,Membrane protein,Q3I5J2.1,sp|P59596|VME1_CVHSA Membrane protein OS=Human SARS coronavirus OX=694009 GN=M PE=1 SV=1,P59596,SARS coronavirus Tor2,Severe acute respiratory syndrome-related coronavirus,694009,,,,,,,,,,,,
40389,Linear peptide,LVIGAVIIRGHLRMAGHSLGR,,,137,157,,,Membrane protein,P59596.1,sp|P59596|VME1_CVHSA Membrane protein OS=Human SARS coronavirus OX=694009 GN=M PE=1 SV=1,P59596,Severe acute respiratory syndrome-related coronavirus,Severe acute respiratory syndrome-related coronavirus,694009,,,,,,,,,,,,
40390,Linear peptide,LVIGFLFLA,,,21,29,,,Membrane protein,P59596.1,sp|P59596|VME1_CVHSA Membrane protein OS=Human SARS coronavirus OX=694009 GN=M PE=1 SV=1,P59596,SARS coronavirus Tor2,Severe acute respiratory syndrome-related coronavirus,694009,,,,,,,,,,,,
40677,Linear peptide,LWLLWPVTL,,,53,61,,,Membrane protein,Q3I5J2.1,sp|P59596|VME1_CVHSA Membrane protein OS=Human SARS coronavirus OX=694009 GN=M PE=1 SV=1,P59596,SARS coronavirus Tor2,Severe acute respiratory syndrome-related coronavirus,694009,,,,,,,,,,,,
40678,Linear peptide,LWLLWPVTLACFVLAAVY,,,53,70,,,Membrane protein,P59596.1,sp|P59596|VME1_CVHSA Membrane protein OS=Human SARS coronavirus OX=694009 GN=M PE=1 SV=1,P59596,Severe acute respiratory syndrome-related coronavirus,Severe acute respiratory syndrome-related coronavirus,694009,E1 glycoprotein is also referred to as matrix glycoprotein or membrane glycoprotein. The sequence of the epitope was derived from the genomic sequence of the M protein of SARS described in Marra M. et al. Science 2003.,,,,,,,,,,,
40685,Linear peptide,LWPVTLACF,,,56,64,,,Membrane protein,Q3I5J2.1,sp|P59596|VME1_CVHSA Membrane protein OS=Human SARS coronavirus OX=694009 GN=M PE=1 SV=1,P59596,SARS coronavirus Tor2,Severe acute respiratory syndrome-related coronavirus,694009,,,,,,,,,,,,
40797,Linear peptide,LYIIKLVFL,,,45,53,,,Membrane protein,Q3I5J2.1,sp|P59596|VME1_CVHSA Membrane protein OS=Human SARS coronavirus OX=694009 GN=M PE=1 SV=1,P59596,SARS coronavirus Tor2,Severe acute respiratory syndrome-related coronavirus,694009,,,,,,,,,,,,
40798,Linear peptide,LYIIKLVFLW,,,45,54,,,Membrane protein,Q3I5J2.1,sp|P59596|VME1_CVHSA Membrane protein OS=Human SARS coronavirus OX=694009 GN=M PE=1 SV=1,P59596,SARS coronavirus Tor2,Severe acute respiratory syndrome-related coronavirus,694009,,,,,,,,,,,,
40799,Linear peptide,LYIIKLVFLWLLWPVTLA,,,45,62,,,Membrane protein,P59596.1,sp|P59596|VME1_CVHSA Membrane protein OS=Human SARS coronavirus OX=694009 GN=M PE=1 SV=1,P59596,Severe acute respiratory syndrome-related coronavirus,Severe acute respiratory syndrome-related coronavirus,694009,E1 glycoprotein is also referred to as matrix glycoprotein or membrane glycoprotein. The sequence of the epitope was derived from the genomic sequence of the M protein of SARS described in Marra M. et al. Science 2003.,,,,,,,,,,,
41014,Linear peptide,MADNGTITVEELKQL,,,1,15,,,Membrane protein,P59596.1,sp|P59596|VME1_CVHSA Membrane protein OS=Human SARS coronavirus OX=694009 GN=M PE=1 SV=1,P59596,SARS coronavirus Tor2,Severe acute respiratory syndrome-related coronavirus,694009,,,,,,,,,,,,
41015,Linear peptide,MADNGTITVEELKQLL,,,1,16,,,Membrane protein,P59596.1,sp|P59596|VME1_CVHSA Membrane protein OS=Human SARS coronavirus OX=694009 GN=M PE=1 SV=1,P59596,Severe acute respiratory syndrome-related coronavirus,Severe acute respiratory syndrome-related coronavirus,694009,E1 glycoprotein is also referred to as matrix glycoprotein or membrane glycoprotein. The sequence of the epitope was derived from the genomic sequence of the M protein of SARS described in Marra M. et al. Science 2003.,,,,,,,,,,,
41016,Linear peptide,MADNGTITVEELKQLLEQ,,,1,18,,,Membrane protein,P59596.1,sp|P59596|VME1_CVHSA Membrane protein OS=Human SARS coronavirus OX=694009 GN=M PE=1 SV=1,P59596,Severe acute respiratory syndrome-related coronavirus,Severe acute respiratory syndrome-related coronavirus,694009,,,,,,,,,,,,
41017,Linear peptide,MADNGTITVEELKQLLEQWN,,,1,20,,,membrane glycoprotein M,AAP41041.1,sp|P59596|VME1_CVHSA Membrane protein OS=Human SARS coronavirus OX=694009 GN=M PE=1 SV=1,P59596,SARS coronavirus Tor2,Severe acute respiratory syndrome-related coronavirus,694009,,,,,,,,,,,,
41018,Linear peptide,MADNGTITVEELKQLLEQWNLVIGFLFLAWI,,,1,31,,,Membrane protein,P59596.1,sp|P59596|VME1_CVHSA Membrane protein OS=Human SARS coronavirus OX=694009 GN=M PE=1 SV=1,P59596,Severe acute respiratory syndrome-related coronavirus,Severe acute respiratory syndrome-related coronavirus,694009,E1 glycoprotein is also referred to as matrix glycoprotein or membrane glycoprotein.The sequence of the epitope was derived from the genomic sequence of the M protein of SARS described in Marra M. et al. Science 2003.,,,,,,,,,,,
41997,Linear peptide,MLLQFAYSNR,,,32,41,,,Membrane protein,Q3I5J2.1,sp|P59596|VME1_CVHSA Membrane protein OS=Human SARS coronavirus OX=694009 GN=M PE=1 SV=1,P59596,SARS coronavirus Tor2,Severe acute respiratory syndrome-related coronavirus,694009,,,,,,,,,,,,
43014,Linear peptide,MWLSYFVASF,,,90,99,,,Membrane protein,Q3I5J2.1,sp|P59596|VME1_CVHSA Membrane protein OS=Human SARS coronavirus OX=694009 GN=M PE=1 SV=1,P59596,SARS coronavirus Tor2,Severe acute respiratory syndrome-related coronavirus,694009,,,,,,,,,,,,
43015,Linear peptide,MWLSYFVASFRLFARTR,,,90,106,,,Membrane protein,P59596.1,sp|P59596|VME1_CVHSA Membrane protein OS=Human SARS coronavirus OX=694009 GN=M PE=1 SV=1,P59596,Severe acute respiratory syndrome-related coronavirus,Severe acute respiratory syndrome-related coronavirus,694009,E1 glycoprotein is also referred to as matrix glycoprotein or membrane glycoprotein. The sequence of the epitope was derived from the genomic sequence of the M protein of SARS described in Marra M. et al. Science 2003.,,,,,,,,,,,
43024,Linear peptide,MWSFNPETNI,,,108,117,,,Membrane protein,Q3I5J2.1,sp|P59596|VME1_CVHSA Membrane protein OS=Human SARS coronavirus OX=694009 GN=M PE=1 SV=1,P59596,SARS coronavirus Tor2,Severe acute respiratory syndrome-related coronavirus,694009,,,,,,,,,,,,
44651,Linear peptide,NLAPHLLLI,,,,,,,Membrane protein,SRC280069,sp|P59596|VME1_CVHSA Membrane protein OS=Human SARS coronavirus OX=694009 GN=M PE=1 SV=1,P59596,Severe acute respiratory syndrome-related coronavirus,Severe acute respiratory syndrome-related coronavirus,694009,,,,,,,,,,,,
44652,Linear peptide,NLAPHLLLIV,,,,,,,Membrane protein,SRC280069,sp|P59596|VME1_CVHSA Membrane protein OS=Human SARS coronavirus OX=694009 GN=M PE=1 SV=1,P59596,Severe acute respiratory syndrome-related coronavirus,Severe acute respiratory syndrome-related coronavirus,694009,,,,,,,,,,,,
44913,Linear peptide,NLVIGFLFL,,,20,28,,,Membrane protein,P59596.1,sp|P59596|VME1_CVHSA Membrane protein OS=Human SARS coronavirus OX=694009 GN=M PE=1 SV=1,P59596,SARS coronavirus Tor2,Severe acute respiratory syndrome-related coronavirus,694009,,,,,,,,,,,,
44914,Linear peptide,NLVIGFLFLA,,,20,29,,,Membrane protein,P59596.1,sp|P59596|VME1_CVHSA Membrane protein OS=Human SARS coronavirus OX=694009 GN=M PE=1 SV=1,P59596,SARS coronavirus Tor2,Severe acute respiratory syndrome-related coronavirus,694009,,,,,,,,,,,,
45756,Linear peptide,NRYRIGNYKLNTDHA,,,196,210,,,Membrane protein,P59596.1,sp|P59596|VME1_CVHSA Membrane protein OS=Human SARS coronavirus OX=694009 GN=M PE=1 SV=1,P59596,Severe acute respiratory syndrome-related coronavirus,Severe acute respiratory syndrome-related coronavirus,694009,E1 glycoprotein is also referred to as matrix glycoprotein or membrane glycoprotein. The sequence of the epitope was derived from the genomic sequence of the M protein of SARS described in Marra M. et al. Science 2003.,,,,,,,,,,,
46073,Linear peptide,NTDHAGSNDNIALLVQ,,,206,221,,,Membrane protein,P59596.1,sp|P59596|VME1_CVHSA Membrane protein OS=Human SARS coronavirus OX=694009 GN=M PE=1 SV=1,P59596,Severe acute respiratory syndrome-related coronavirus,Severe acute respiratory syndrome-related coronavirus,694009,,,,,,,,,,,,
46451,Linear peptide,NVPLRGTIVTRPLME,,,120,134,,,Membrane protein,P59596.1,sp|P59596|VME1_CVHSA Membrane protein OS=Human SARS coronavirus OX=694009 GN=M PE=1 SV=1,P59596,SARS coronavirus Tor2,Severe acute respiratory syndrome-related coronavirus,694009,,,,,,,,,,,,
48051,Linear peptide,PKEITVATSRTLSYY,,,164,178,,,Membrane protein,Q3I5J2.1,sp|P59596|VME1_CVHSA Membrane protein OS=Human SARS coronavirus OX=694009 GN=M PE=1 SV=1,P59596,SARS coronavirus Tor2,Severe acute respiratory syndrome-related coronavirus,694009,,,,,,,,,,,,
48052,Linear peptide,PKEITVATSRTLSYYKL,,,164,180,,,Membrane protein,P59596.1,sp|P59596|VME1_CVHSA Membrane protein OS=Human SARS coronavirus OX=694009 GN=M PE=1 SV=1,P59596,Severe acute respiratory syndrome-related coronavirus,Severe acute respiratory syndrome-related coronavirus,694009,E1 glycoprotein is also referred to as matrix glycoprotein or membrane glycoprotein. The sequence of the epitope was derived from the genomic sequence of the M protein of SARS described in Marra M. et al. Science 2003.,,,,,,,,,,,
51405,Linear peptide,QLLEQWNLVIGFLFLAWI,,,14,31,,,Membrane protein,P59596.1,sp|P59596|VME1_CVHSA Membrane protein OS=Human SARS coronavirus OX=694009 GN=M PE=1 SV=1,P59596,Severe acute respiratory syndrome-related coronavirus,Severe acute respiratory syndrome-related coronavirus,694009,E1 glycoprotein is also referred to as matrix glycoprotein or membrane glycoprotein.The sequence of the epitope was derived from the genomic sequence of the M protein of SARS described in Marra M. et al. Science 2003.,,,,,,,,,,,
52851,Linear peptide,QWNLVIGFLF,,,18,27,,,Membrane protein,P59596.1,sp|P59596|VME1_CVHSA Membrane protein OS=Human SARS coronavirus OX=694009 GN=M PE=1 SV=1,P59596,SARS coronavirus Tor2,Severe acute respiratory syndrome-related coronavirus,694009,,,,,,,,,,,,
52852,Linear peptide,QWNLVIGFLFLAWIM,,,18,32,,,Membrane protein,P59596.1,sp|P59596|VME1_CVHSA Membrane protein OS=Human SARS coronavirus OX=694009 GN=M PE=1 SV=1,P59596,SARS coronavirus Tor2,Severe acute respiratory syndrome-related coronavirus,694009,,,,,,,,,,,,
53742,Linear peptide,RFLYIIKLVF,,,43,52,,,Membrane protein,Q3I5J2.1,sp|P59596|VME1_CVHSA Membrane protein OS=Human SARS coronavirus OX=694009 GN=M PE=1 SV=1,P59596,SARS coronavirus Tor2,Severe acute respiratory syndrome-related coronavirus,694009,,,,,,,,,,,,
53743,Linear peptide,RFLYIIKLVFLWLLW,,,43,57,,,Membrane protein,Q3I5J2.1,sp|P59596|VME1_CVHSA Membrane protein OS=Human SARS coronavirus OX=694009 GN=M PE=1 SV=1,P59596,SARS coronavirus Tor2,Severe acute respiratory syndrome-related coronavirus,694009,,,,,,,,,,,,
53997,Linear peptide,RGTIVTRPLMESELV,,,124,138,,,Membrane protein,P59596.1,sp|P59596|VME1_CVHSA Membrane protein OS=Human SARS coronavirus OX=694009 GN=M PE=1 SV=1,P59596,SARS coronavirus Tor2,Severe acute respiratory syndrome-related coronavirus,694009,,,,,,,,,,,,
54204,Linear peptide,RINWVTGGIAIAMAC,,,71,85,,,Membrane protein,Q3I5J2.1,sp|P59596|VME1_CVHSA Membrane protein OS=Human SARS coronavirus OX=694009 GN=M PE=1 SV=1,P59596,SARS coronavirus Tor2,Severe acute respiratory syndrome-related coronavirus,694009,,,,,,,,,,,,
55215,Linear peptide,RPLMESELV,,,130,138,,,Membrane protein,Q3I5J2.1,sp|P59596|VME1_CVHSA Membrane protein OS=Human SARS coronavirus OX=694009 GN=M PE=1 SV=1,P59596,SARS coronavirus Tor2,Severe acute respiratory syndrome-related coronavirus,694009,,,,,,,,,,,,
55216,Linear peptide,RPLMESELVI,,,130,139,,,Membrane protein,Q3I5J2.1,sp|P59596|VME1_CVHSA Membrane protein OS=Human SARS coronavirus OX=694009 GN=M PE=1 SV=1,P59596,SARS coronavirus Tor2,Severe acute respiratory syndrome-related coronavirus,694009,,,,,,,,,,,,
55217,Linear peptide,RPLMESELVIGAVII,,,130,144,,,Membrane protein,Q3I5J2.1,sp|P59596|VME1_CVHSA Membrane protein OS=Human SARS coronavirus OX=694009 GN=M PE=1 SV=1,P59596,SARS coronavirus Tor2,Severe acute respiratory syndrome-related coronavirus,694009,,,,,,,,,,,,
56302,Linear peptide,RVGTDSGFAAYNRYRI,,,185,200,,,Membrane protein,P59596.1,sp|P59596|VME1_CVHSA Membrane protein OS=Human SARS coronavirus OX=694009 GN=M PE=1 SV=1,P59596,Severe acute respiratory syndrome-related coronavirus,Severe acute respiratory syndrome-related coronavirus,694009,E1 glycoprotein is also referred to as matrix glycoprotein or membrane glycoprotein. The sequence of the epitope was derived from the genomic sequence of the M protein of SARS described in Marra M. et al. Science 2003.,,,,,,,,,,,
56634,Linear peptide,RYRIGNYKL,,,197,205,,,Membrane protein,Q3I5J2.1,sp|P59596|VME1_CVHSA Membrane protein OS=Human SARS coronavirus OX=694009 GN=M PE=1 SV=1,P59596,SARS coronavirus Tor2,Severe acute respiratory syndrome-related coronavirus,694009,,,,,,,,,,,,
57544,Linear peptide,SELVIGAVI,,,135,143,,,Membrane protein,Q3I5J2.1,sp|P59596|VME1_CVHSA Membrane protein OS=Human SARS coronavirus OX=694009 GN=M PE=1 SV=1,P59596,SARS coronavirus Tor2,Severe acute respiratory syndrome-related coronavirus,694009,,,,,,,,,,,,
57545,Linear peptide,SELVIGAVII,,,135,144,,,Membrane protein,Q3I5J2.1,sp|P59596|VME1_CVHSA Membrane protein OS=Human SARS coronavirus OX=694009 GN=M PE=1 SV=1,P59596,SARS coronavirus Tor2,Severe acute respiratory syndrome-related coronavirus,694009,,,,,,,,,,,,
57546,Linear peptide,SELVIGAVIIRGHLR,,,135,149,,,Membrane protein,Q3I5J2.1,sp|P59596|VME1_CVHSA Membrane protein OS=Human SARS coronavirus OX=694009 GN=M PE=1 SV=1,P59596,SARS coronavirus Tor2,Severe acute respiratory syndrome-related coronavirus,694009,,,,,,,,,,,,
57856,Linear peptide,SFNPETNIL,,,110,118,,,Membrane protein,Q3I5J2.1,sp|P59596|VME1_CVHSA Membrane protein OS=Human SARS coronavirus OX=694009 GN=M PE=1 SV=1,P59596,SARS coronavirus Tor2,Severe acute respiratory syndrome-related coronavirus,694009,,,,,,,,,,,,
57857,Linear peptide,SFNPETNILLNVPLRGTI,,,110,127,,,Membrane protein,P59596.1,sp|P59596|VME1_CVHSA Membrane protein OS=Human SARS coronavirus OX=694009 GN=M PE=1 SV=1,P59596,Severe acute respiratory syndrome-related coronavirus,Severe acute respiratory syndrome-related coronavirus,694009,E1 glycoprotein is also referred to as matrix glycoprotein or membrane glycoprotein. The sequence of the epitope was derived from the genomic sequence of the M protein of SARS described in Marra M. et al. Science 2003.,,,,,,,,,,,
59778,Linear peptide,SMWSFNPET,,,107,115,,,Membrane protein,Q3I5J2.1,sp|P59596|VME1_CVHSA Membrane protein OS=Human SARS coronavirus OX=694009 GN=M PE=1 SV=1,P59596,SARS coronavirus Tor2,Severe acute respiratory syndrome-related coronavirus,694009,,,,,,,,,,,,
62549,Linear peptide,SYFVASFRLF,,,93,102,,,Membrane protein,Q3I5J2.1,sp|P59596|VME1_CVHSA Membrane protein OS=Human SARS coronavirus OX=694009 GN=M PE=1 SV=1,P59596,SARS coronavirus Tor2,Severe acute respiratory syndrome-related coronavirus,694009,,,,,,,,,,,,
63165,Linear peptide,TDHAGSNDNIALLVQ,,,207,221,,,Membrane protein,P59596.1,sp|P59596|VME1_CVHSA Membrane protein OS=Human SARS coronavirus OX=694009 GN=M PE=1 SV=1,P59596,Severe acute respiratory syndrome-related coronavirus,Severe acute respiratory syndrome-related coronavirus,694009,,,,,,,,,,,,
63834,Linear peptide,TGGIAIAMACIVGLM,,,76,90,,,Membrane protein,Q3I5J2.1,sp|P59596|VME1_CVHSA Membrane protein OS=Human SARS coronavirus OX=694009 GN=M PE=1 SV=1,P59596,SARS coronavirus Tor2,Severe acute respiratory syndrome-related coronavirus,694009,,,,,,,,,,,,
64505,Linear peptide,TIVTRPLMESELVIGAV,,,126,142,,,Membrane protein,P59596.1,sp|P59596|VME1_CVHSA Membrane protein OS=Human SARS coronavirus OX=694009 GN=M PE=1 SV=1,P59596,Severe acute respiratory syndrome-related coronavirus,Severe acute respiratory syndrome-related coronavirus,694009,E1 glycoprotein is also referred to as matrix glycoprotein or membrane glycoprotein. The sequence of the epitope was derived from the genomic sequence of the M protein of SARS described in Marra M. et al. Science 2003.,,,,,,,,,,,
64709,Linear peptide,TLACFVLAA,,,60,68,,,Membrane protein,Q3I5J2.1,sp|P59596|VME1_CVHSA Membrane protein OS=Human SARS coronavirus OX=694009 GN=M PE=1 SV=1,P59596,SARS coronavirus Tor2,Severe acute respiratory syndrome-related coronavirus,694009,,,,,,,,,,,,
64710,Linear peptide,TLACFVLAAV,,,60,69,,,Membrane protein,Q3I5J2.1,sp|P59596|VME1_CVHSA Membrane protein OS=Human SARS coronavirus OX=694009 GN=M PE=1 SV=1,P59596,SARS coronavirus Tor2,Severe acute respiratory syndrome-related coronavirus,694009,,,,,,,,,,,,
65074,Linear peptide,TLSYYKLGASQRVGT,,,174,188,,,Membrane protein,Q3I5J2.1,sp|P59596|VME1_CVHSA Membrane protein OS=Human SARS coronavirus OX=694009 GN=M PE=1 SV=1,P59596,SARS coronavirus Tor2,Severe acute respiratory syndrome-related coronavirus,694009,,,,,,,,,,,,
65342,Linear peptide,TNILLNVPLRGTIVT,,,115,129,,,Membrane protein,P59596.1,sp|P59596|VME1_CVHSA Membrane protein OS=Human SARS coronavirus OX=694009 GN=M PE=1 SV=1,P59596,SARS coronavirus Tor2,Severe acute respiratory syndrome-related coronavirus,694009,,,,,,,,,,,,
66407,Linear peptide,TSRTLSYYK,,,171,179,,,Membrane protein,Q3I5J2.1,sp|P59596|VME1_CVHSA Membrane protein OS=Human SARS coronavirus OX=694009 GN=M PE=1 SV=1,P59596,SARS coronavirus Tor2,Severe acute respiratory syndrome-related coronavirus,694009,,,,,,,,,,,,
66408,Linear peptide,TSRTLSYYKLGASQR,,,171,185,,,Membrane protein,P59596.1,sp|P59596|VME1_CVHSA Membrane protein OS=Human SARS coronavirus OX=694009 GN=M PE=1 SV=1,P59596,Severe acute respiratory syndrome-related coronavirus,Severe acute respiratory syndrome-related coronavirus,694009,,,,,,,,,,,,
66409,Linear peptide,TSRTLSYYKLGASQRV,,,171,186,,,Membrane protein,P59596.1,sp|P59596|VME1_CVHSA Membrane protein OS=Human SARS coronavirus OX=694009 GN=M PE=1 SV=1,P59596,Severe acute respiratory syndrome-related coronavirus,Severe acute respiratory syndrome-related coronavirus,694009,E1 glycoprotein is also referred to as matrix glycoprotein or membrane glycoprotein. The sequence of the epitope was derived from the genomic sequence of the M protein of SARS described in Marra M. et al. Science 2003.,,,,,,,,,,,
66952,Linear peptide,TVATSRTLSY,,,168,177,,,Membrane protein,Q3I5J2.1,sp|P59596|VME1_CVHSA Membrane protein OS=Human SARS coronavirus OX=694009 GN=M PE=1 SV=1,P59596,SARS coronavirus Tor2,Severe acute respiratory syndrome-related coronavirus,694009,,,,,,,,,,,,
68522,Linear peptide,VFLWLLWPVTLACFV,,,51,65,,,Membrane protein,Q3I5J2.1,sp|P59596|VME1_CVHSA Membrane protein OS=Human SARS coronavirus OX=694009 GN=M PE=1 SV=1,P59596,SARS coronavirus Tor2,Severe acute respiratory syndrome-related coronavirus,694009,,,,,,,,,,,,
68957,Linear peptide,VIGFLFLAWIMLLQFAY,,,22,38,,,Membrane protein,P59596.1,sp|P59596|VME1_CVHSA Membrane protein OS=Human SARS coronavirus OX=694009 GN=M PE=1 SV=1,P59596,Severe acute respiratory syndrome-related coronavirus,Severe acute respiratory syndrome-related coronavirus,694009,E1 glycoprotein is also referred to as matrix glycoprotein or membrane glycoprotein.The sequence of the epitope was derived from the genomic sequence of the M protein of SARS described in Marra M. et al. Science 2003.,,,,,,,,,,,
70364,Linear peptide,VPLRGTIVTRPLMES,,,121,135,,,Membrane protein,P59596.1,sp|P59596|VME1_CVHSA Membrane protein OS=Human SARS coronavirus OX=694009 GN=M PE=1 SV=1,P59596,Severe acute respiratory syndrome-related coronavirus,Severe acute respiratory syndrome-related coronavirus,694009,,,,,,,,,,,,
72637,Linear peptide,WIMLLQFAY,,,30,38,,,Membrane protein,Q3I5J2.1,sp|P59596|VME1_CVHSA Membrane protein OS=Human SARS coronavirus OX=694009 GN=M PE=1 SV=1,P59596,SARS coronavirus Tor2,Severe acute respiratory syndrome-related coronavirus,694009,,,,,,,,,,,,
72759,Linear peptide,WLLWPVTLA,,,54,62,,,Membrane protein,Q3I5J2.1,sp|P59596|VME1_CVHSA Membrane protein OS=Human SARS coronavirus OX=694009 GN=M PE=1 SV=1,P59596,SARS coronavirus Tor2,Severe acute respiratory syndrome-related coronavirus,694009,,,,,,,,,,,,
72804,Linear peptide,WLSYFVASFR,,,91,100,,,Membrane protein,Q3I5J2.1,sp|P59596|VME1_CVHSA Membrane protein OS=Human SARS coronavirus OX=694009 GN=M PE=1 SV=1,P59596,SARS coronavirus Tor2,Severe acute respiratory syndrome-related coronavirus,694009,,,,,,,,,,,,
72972,Linear peptide,WPVTLACFVL,,,57,66,,,Membrane protein,Q3I5J2.1,sp|P59596|VME1_CVHSA Membrane protein OS=Human SARS coronavirus OX=694009 GN=M PE=1 SV=1,P59596,SARS coronavirus Tor2,Severe acute respiratory syndrome-related coronavirus,694009,,,,,,,,,,,,
73229,Linear peptide,WVTGGIAIAMACIVGLMW,,,74,91,,,Membrane protein,P59596.1,sp|P59596|VME1_CVHSA Membrane protein OS=Human SARS coronavirus OX=694009 GN=M PE=1 SV=1,P59596,Severe acute respiratory syndrome-related coronavirus,Severe acute respiratory syndrome-related coronavirus,694009,E1 glycoprotein is also referred to as matrix glycoprotein or membrane glycoprotein. The sequence of the epitope was derived from the genomic sequence of the M protein of SARS described in Marra M. et al. Science 2003.,,,,,,,,,,,
73386,Linear peptide,YALCTLLHL,,,,,,,Membrane protein,SRC280069,sp|P59596|VME1_CVHSA Membrane protein OS=Human SARS coronavirus OX=694009 GN=M PE=1 SV=1,P59596,Severe acute respiratory syndrome-related coronavirus,Severe acute respiratory syndrome-related coronavirus,694009,,,,,,,,,,,,
73923,Linear peptide,YFVASFRLF,,,94,102,,,Membrane protein,Q3I5J2.1,sp|P59596|VME1_CVHSA Membrane protein OS=Human SARS coronavirus OX=694009 GN=M PE=1 SV=1,P59596,SARS coronavirus Tor2,Severe acute respiratory syndrome-related coronavirus,694009,,,,,,,,,,,,
73924,Linear peptide,YFVASFRLFARTRSMWSFNPETN,,,94,116,,,Membrane protein,P59596.1,sp|P59596|VME1_CVHSA Membrane protein OS=Human SARS coronavirus OX=694009 GN=M PE=1 SV=1,P59596,Severe acute respiratory syndrome-related coronavirus,Severe acute respiratory syndrome-related coronavirus,694009,,,,,,,,,,,,
74238,Linear peptide,YIIKLVFLWL,,,46,55,,,Membrane protein,Q3I5J2.1,sp|P59596|VME1_CVHSA Membrane protein OS=Human SARS coronavirus OX=694009 GN=M PE=1 SV=1,P59596,SARS coronavirus Tor2,Severe acute respiratory syndrome-related coronavirus,694009,,,,,,,,,,,,
74813,Linear peptide,YLMCLSPLM,,,,,,,Membrane protein,SRC280069,sp|P59596|VME1_CVHSA Membrane protein OS=Human SARS coronavirus OX=694009 GN=M PE=1 SV=1,P59596,Severe acute respiratory syndrome-related coronavirus,Severe acute respiratory syndrome-related coronavirus,694009,,,,,,,,,,,,
74814,Linear peptide,YLMCLSPLMA,,,,,,,Membrane protein,SRC280069,sp|P59596|VME1_CVHSA Membrane protein OS=Human SARS coronavirus OX=694009 GN=M PE=1 SV=1,P59596,Severe acute respiratory syndrome-related coronavirus,Severe acute respiratory syndrome-related coronavirus,694009,,,,,,,,,,,,
75839,Linear peptide,YSNRNRFLY,,,38,46,,,Membrane protein,Q3I5J2.1,sp|P59596|VME1_CVHSA Membrane protein OS=Human SARS coronavirus OX=694009 GN=M PE=1 SV=1,P59596,SARS coronavirus Tor2,Severe acute respiratory syndrome-related coronavirus,694009,,,,,,,,,,,,
76527,Linear peptide,YYKLGASQRVGTDSGFAA,,,177,194,,,Membrane protein,P59596.1,sp|P59596|VME1_CVHSA Membrane protein OS=Human SARS coronavirus OX=694009 GN=M PE=1 SV=1,P59596,Severe acute respiratory syndrome-related coronavirus,Severe acute respiratory syndrome-related coronavirus,694009,E1 glycoprotein is also referred to as matrix glycoprotein or membrane glycoprotein. The sequence of the epitope was derived from the genomic sequence of the M protein of SARS described in Marra M. et al. Science 2003.,,,,,,,,,,,
100879,Linear peptide,GHLRMAGHSLGRCDI,,,146,160,,,membrane glycoprotein M,AAP41041.1,sp|P59596|VME1_CVHSA Membrane protein OS=Human SARS coronavirus OX=694009 GN=M PE=1 SV=1,P59596,SARS coronavirus Tor2,Severe acute respiratory syndrome-related coronavirus,694009,,,,,,,,,,,,
140333,Linear peptide,QLLEQWNLV,,,14,22,,,Membrane glycoprotein,Q692E0,sp|P59596|VME1_CVHSA Membrane protein OS=Human SARS coronavirus OX=694009 GN=M PE=1 SV=1,P59596,SARS coronavirus TJF,Severe acute respiratory syndrome-related coronavirus,694009,,,,,,,,,,,,
179573,Linear peptide,TLLLWISVKV,,,,,,,Membrane protein,SRC280069,sp|P59596|VME1_CVHSA Membrane protein OS=Human SARS coronavirus OX=694009 GN=M PE=1 SV=1,P59596,Severe acute respiratory syndrome-related coronavirus,Severe acute respiratory syndrome-related coronavirus,694009,,,,,,,,,,,,
531518,Linear peptide,EITVATSRTLSYYKL,,,166,180,,,membrane glycoprotein,ADE34769.1,sp|P59596|VME1_CVHSA Membrane protein OS=Human SARS coronavirus OX=694009 GN=M PE=1 SV=1,P59596,Severe acute respiratory syndrome-related coronavirus,Severe acute respiratory syndrome-related coronavirus,694009,,,,,,,,,,,,
531541,Linear peptide,ELKQLLEQWNLVIGF,,,11,25,,,"membrane glycoprotein M, partial",AAS44691.1,sp|P59596|VME1_CVHSA Membrane protein OS=Human SARS coronavirus OX=694009 GN=M PE=1 SV=1,P59596,Severe acute respiratory syndrome-related coronavirus,Severe acute respiratory syndrome-related coronavirus,694009,,,,,,,,,,,,
531665,Linear peptide,FAYSNRNRFLYIIKL,,,36,50,,,membrane glycoprotein,ADE34769.1,sp|P59596|VME1_CVHSA Membrane protein OS=Human SARS coronavirus OX=694009 GN=M PE=1 SV=1,P59596,Severe acute respiratory syndrome-related coronavirus,Severe acute respiratory syndrome-related coronavirus,694009,,,,,,,,,,,,
531720,Linear peptide,FNPETNILLNVPLRG,,,111,125,,,membrane glycoprotein,ADE34769.1,sp|P59596|VME1_CVHSA Membrane protein OS=Human SARS coronavirus OX=694009 GN=M PE=1 SV=1,P59596,Severe acute respiratory syndrome-related coronavirus,Severe acute respiratory syndrome-related coronavirus,694009,,,,,,,,,,,,
531952,Linear peptide,GNYKLNTDHAGSNDN,,,201,215,,,membrane protein,ACU31036.1,sp|P59596|VME1_CVHSA Membrane protein OS=Human SARS coronavirus OX=694009 GN=M PE=1 SV=1,P59596,Severe acute respiratory syndrome-related coronavirus,Severe acute respiratory syndrome-related coronavirus,694009,,,,,,,,,,,,
532000,Linear peptide,GRCDIKDLPKEITVA,,,156,170,,,membrane glycoprotein,ADE34769.1,sp|P59596|VME1_CVHSA Membrane protein OS=Human SARS coronavirus OX=694009 GN=M PE=1 SV=1,P59596,Severe acute respiratory syndrome-related coronavirus,Severe acute respiratory syndrome-related coronavirus,694009,,,,,,,,,,,,
532115,Linear peptide,HLRMAGHSL,,,147,155,,,membrane glycoprotein,ADE34769.1,sp|P59596|VME1_CVHSA Membrane protein OS=Human SARS coronavirus OX=694009 GN=M PE=1 SV=1,P59596,Severe acute respiratory syndrome-related coronavirus,Severe acute respiratory syndrome-related coronavirus,694009,,,,,,,,,,,,
532165,Linear peptide,IAMACIVGLMWLSYF,,,81,95,,,membrane protein,ACU31036.1,sp|P59596|VME1_CVHSA Membrane protein OS=Human SARS coronavirus OX=694009 GN=M PE=1 SV=1,P59596,Severe acute respiratory syndrome-related coronavirus,Severe acute respiratory syndrome-related coronavirus,694009,,,,,,,,,,,,
532321,Linear peptide,IVGLMWLSYFVASFR,,,86,100,,,membrane protein,ACU31036.1,sp|P59596|VME1_CVHSA Membrane protein OS=Human SARS coronavirus OX=694009 GN=M PE=1 SV=1,P59596,Severe acute respiratory syndrome-related coronavirus,Severe acute respiratory syndrome-related coronavirus,694009,,,,,,,,,,,,
532359,Linear peptide,KDLPKEITVATSRTL,,,161,175,,,membrane glycoprotein,ADE34769.1,sp|P59596|VME1_CVHSA Membrane protein OS=Human SARS coronavirus OX=694009 GN=M PE=1 SV=1,P59596,Severe acute respiratory syndrome-related coronavirus,Severe acute respiratory syndrome-related coronavirus,694009,,,,,,,,,,,,
532633,Linear peptide,LAAVYRINWVTGGIA,,,66,80,,,membrane glycoprotein,ADE34769.1,sp|P59596|VME1_CVHSA Membrane protein OS=Human SARS coronavirus OX=694009 GN=M PE=1 SV=1,P59596,Severe acute respiratory syndrome-related coronavirus,Severe acute respiratory syndrome-related coronavirus,694009,,,,,,,,,,,,
532685,Linear peptide,LEQWNLVIGFLFLAW,,,16,30,,,membrane protein,ACU31036.1,sp|P59596|VME1_CVHSA Membrane protein OS=Human SARS coronavirus OX=694009 GN=M PE=1 SV=1,P59596,Severe acute respiratory syndrome-related coronavirus,Severe acute respiratory syndrome-related coronavirus,694009,,,,,,,,,,,,
532691,Linear peptide,LFLAWIMLLQFAYSN,,,26,40,,,membrane protein,ACU31036.1,sp|P59596|VME1_CVHSA Membrane protein OS=Human SARS coronavirus OX=694009 GN=M PE=1 SV=1,P59596,Severe acute respiratory syndrome-related coronavirus,Severe acute respiratory syndrome-related coronavirus,694009,,,,,,,,,,,,
532880,Linear peptide,LVIGFLFLAWIMLLQ,,,21,35,,,membrane protein,ACU31036.1,sp|P59596|VME1_CVHSA Membrane protein OS=Human SARS coronavirus OX=694009 GN=M PE=1 SV=1,P59596,Severe acute respiratory syndrome-related coronavirus,Severe acute respiratory syndrome-related coronavirus,694009,,,,,,,,,,,,
532894,Linear peptide,LWPVTLACFVLAAVY,,,56,70,,,membrane glycoprotein,ADE34769.1,sp|P59596|VME1_CVHSA Membrane protein OS=Human SARS coronavirus OX=694009 GN=M PE=1 SV=1,P59596,Severe acute respiratory syndrome-related coronavirus,Severe acute respiratory syndrome-related coronavirus,694009,,,,,,,,,,,,
533082,Linear peptide,NILLNVPLRGTIVTR,,,116,130,,,membrane protein,ACU31036.1,sp|P59596|VME1_CVHSA Membrane protein OS=Human SARS coronavirus OX=694009 GN=M PE=1 SV=1,P59596,Severe acute respiratory syndrome-related coronavirus,Severe acute respiratory syndrome-related coronavirus,694009,,,,,,,,,,,,
533224,Linear peptide,NTDHAGSNDNIALLV,,,206,220,,,membrane protein,ACU31036.1,sp|P59596|VME1_CVHSA Membrane protein OS=Human SARS coronavirus OX=694009 GN=M PE=1 SV=1,P59596,Severe acute respiratory syndrome-related coronavirus,Severe acute respiratory syndrome-related coronavirus,694009,,,,,,,,,,,,
533291,Linear peptide,PLMESELVIGAVIIR,,,131,145,,,membrane glycoprotein,ADE34769.1,sp|P59596|VME1_CVHSA Membrane protein OS=Human SARS coronavirus OX=694009 GN=M PE=1 SV=1,P59596,Severe acute respiratory syndrome-related coronavirus,Severe acute respiratory syndrome-related coronavirus,694009,,,,,,,,,,,,
533528,Linear peptide,RNRFLYIIKLVFLWL,,,41,55,,,membrane glycoprotein,ADE34769.1,sp|P59596|VME1_CVHSA Membrane protein OS=Human SARS coronavirus OX=694009 GN=M PE=1 SV=1,P59596,Severe acute respiratory syndrome-related coronavirus,Severe acute respiratory syndrome-related coronavirus,694009,,,,,,,,,,,,
533578,Linear peptide,RSMWSFNPETNILLN,,,106,120,,,membrane glycoprotein,ADE34769.1,sp|P59596|VME1_CVHSA Membrane protein OS=Human SARS coronavirus OX=694009 GN=M PE=1 SV=1,P59596,Severe acute respiratory syndrome-related coronavirus,Severe acute respiratory syndrome-related coronavirus,694009,,,,,,,,,,,,
533954,Linear peptide,SYYKLGASQRVGTDS,,,176,190,,,membrane glycoprotein,ADE34769.1,sp|P59596|VME1_CVHSA Membrane protein OS=Human SARS coronavirus OX=694009 GN=M PE=1 SV=1,P59596,Severe acute respiratory syndrome-related coronavirus,Severe acute respiratory syndrome-related coronavirus,694009,,,,,,,,,,,,
534060,Linear peptide,TITVEELKQLLEQWN,,,6,20,,,"membrane glycoprotein M, partial",AAS44691.1,sp|P59596|VME1_CVHSA Membrane protein OS=Human SARS coronavirus OX=694009 GN=M PE=1 SV=1,P59596,Severe acute respiratory syndrome-related coronavirus,Severe acute respiratory syndrome-related coronavirus,694009,,,,,,,,,,,,
534061,Linear peptide,TIVTRPLMESELVIG,,,126,140,,,membrane protein,ACU31036.1,sp|P59596|VME1_CVHSA Membrane protein OS=Human SARS coronavirus OX=694009 GN=M PE=1 SV=1,P59596,Severe acute respiratory syndrome-related coronavirus,Severe acute respiratory syndrome-related coronavirus,694009,,,,,,,,,,,,
534202,Linear peptide,VASFRLFARTRSMWS,,,96,110,,,membrane glycoprotein,ADE34769.1,sp|P59596|VME1_CVHSA Membrane protein OS=Human SARS coronavirus OX=694009 GN=M PE=1 SV=1,P59596,Severe acute respiratory syndrome-related coronavirus,Severe acute respiratory syndrome-related coronavirus,694009,,,,,,,,,,,,
534269,Linear peptide,VGTDSGFAAYNRYRI,,,186,200,,,membrane glycoprotein,ADE34769.1,sp|P59596|VME1_CVHSA Membrane protein OS=Human SARS coronavirus OX=694009 GN=M PE=1 SV=1,P59596,Severe acute respiratory syndrome-related coronavirus,Severe acute respiratory syndrome-related coronavirus,694009,,,,,,,,,,,,
534479,Linear peptide,WLSYFVASFRLFART,,,91,105,,,membrane protein,ACU31036.1,sp|P59596|VME1_CVHSA Membrane protein OS=Human SARS coronavirus OX=694009 GN=M PE=1 SV=1,P59596,Severe acute respiratory syndrome-related coronavirus,Severe acute respiratory syndrome-related coronavirus,694009,,,,,,,,,,,,
534516,Linear peptide,YIIKLVFLWLLWPVT,,,46,60,,,membrane glycoprotein,ADE34769.1,sp|P59596|VME1_CVHSA Membrane protein OS=Human SARS coronavirus OX=694009 GN=M PE=1 SV=1,P59596,Severe acute respiratory syndrome-related coronavirus,Severe acute respiratory syndrome-related coronavirus,694009,,,,,,,,,,,,
